f1,f2,profit,date
0.07296244655151063,0.009700599703866416,-0.009700599703866416,2015-01-05
0.5392426171948423,0.004533253771269155,0.0,2015-01-06
0.20756286623883702,0.02373119705533113,-0.02373119705533113,2015-01-07
0.8386532822161195,0.010909099148400932,0.010909099148400932,2015-01-08
0.826232542857515,0.016365181163230134,0.016365181163230134,2015-01-09
0.12703449803089162,0.015269607742039538,-0.015269607742039538,2015-01-13
0.08499289791335551,0.0012198656015692487,-0.0012198656015692487,2015-01-14
0.4836256070166136,0.008239684047538777,0.0,2015-01-15
0.6189536436150318,0.027220083315374823,0.027220083315374823,2015-01-16
0.28877102605398075,0.005420188027085801,-0.005420188027085801,2015-01-19
0.05909602671054082,0.005555520580959461,-0.005555520580959461,2015-01-20
0.598957736775092,0.01601404852281962,0.0,2015-01-21
0.10572513676698181,0.030043792510795028,-0.030043792510795028,2015-01-22
0.03170391786008386,0.025366346230523903,-0.025366346230523903,2015-01-23
0.7548048116369085,0.01619984404609383,0.01619984404609383,2015-01-26
0.47732148882888503,0.02604095764451378,0.0,2015-01-27
0.19412352907775943,0.030001238304105858,-0.030001238304105858,2015-01-28
0.7039638693998184,0.005964931924985488,-0.005964931924985488,2015-01-29
0.41203507322948785,0.0048483753069830295,0.0,2015-01-30
0.8505215434276492,0.02611494726819903,0.02611494726819903,2015-02-02
0.4682130806822986,0.01281233830466442,0.0,2015-02-03
0.19957339137490415,0.012203841913760997,-0.012203841913760997,2015-02-04
0.7083021179730747,0.000588545627476776,0.000588545627476776,2015-02-05
0.17704603135453323,0.002950050174986088,-0.002950050174986088,2015-02-06
0.9053984591050871,0.005579972397283717,0.005579972397283717,2015-02-09
0.6706623966589486,0.01122759597748082,0.01122759597748082,2015-02-10
0.7089535066112351,0.004375892193863566,-0.004375892193863566,2015-02-12
0.19581353979054228,0.00364416909424492,-0.00364416909424492,2015-02-13
0.9539051004316988,0.009583322774171794,0.009583322774171794,2015-02-16
0.4114970587129877,0.007768808611403205,0.0,2015-02-17
0.739106367143865,0.006822365261848329,0.006822365261848329,2015-02-18
0.7155931665453178,0.014648817529502936,0.014648817529502936,2015-02-19
0.08525284430011859,0.014699577214881448,-0.014699577214881448,2015-02-20
0.41380456433522783,0.03136596491973497,0.0,2015-02-23
0.13102610254182778,0.004404832382625821,-0.004404832382625821,2015-02-24
0.4952501951073518,0.01511824267931095,0.0,2015-02-25
0.7709302250438116,0.0014413999986744434,0.0014413999986744434,2015-02-26
0.547110411764254,0.012451982349992669,0.0,2015-02-27
0.14349316253750655,0.01578724740160934,-0.01578724740160934,2015-03-02
0.5622127139480568,0.001972115105887252,0.0,2015-03-03
0.42766056408465913,0.009759002191140578,0.0,2015-03-04
0.03544209566194523,0.006170148969816391,-0.006170148969816391,2015-03-05
0.6998565539670324,0.010894881437789368,0.010894881437789368,2015-03-06
0.06401395100727514,0.004739314078847668,-0.004739314078847668,2015-03-09
0.35851049802952406,0.007089479063809778,-0.007089479063809778,2015-03-10
0.34636183581134505,0.014877564061098449,0.014877564061098449,2015-03-11
0.744664503067548,0.00992981616793169,0.00992981616793169,2015-03-12
0.3951573337271559,0.011423691435620475,-0.011423691435620475,2015-03-13
0.3221026129834226,0.005847428508396792,-0.005847428508396792,2015-03-16
0.5047999081677801,0.0024022884246052752,0.0,2015-03-17
0.2413346239884242,0.009733067380134998,-0.009733067380134998,2015-03-18
0.8189113157039805,0.013449594969156467,0.013449594969156467,2015-03-19
0.3834670260973806,0.013605093395159577,0.013605093395159577,2015-03-20
0.5108448900005468,0.015769474257747263,0.0,2015-03-23
0.5393368915095883,0.00812772116610409,0.0,2015-03-24
0.2589441727165893,0.018440539604660505,-0.018440539604660505,2015-03-25
0.6736800080060892,0.017639633934938566,0.017639633934938566,2015-03-26
0.002945772719832096,0.010987054804680686,-0.010987054804680686,2015-03-27
0.9879940442064521,0.007108953327697198,0.007108953327697198,2015-03-30
0.5745133644348651,0.009095342375466112,0.0,2015-03-31
0.9459203557757629,0.011253057502913366,0.011253057502913366,2015-04-01
0.9113923698098358,0.010079086515734692,0.010079086515734692,2015-04-02
0.5567248793778852,0.0023345723133531534,0.0,2015-04-03
0.1977773410131134,0.028416367297283585,-0.028416367297283585,2015-04-06
0.1864927310646034,0.004294048309949667,-0.004294048309949667,2015-04-07
0.5086533550165153,0.033985582539049854,0.0,2015-04-08
0.1314783462367164,0.0073428930270921155,-0.0073428930270921155,2015-04-09
0.33109274267590927,0.005201116772996975,-0.005201116772996975,2015-04-10
0.29153805354285034,0.03370268820387765,0.03370268820387765,2015-04-13
0.06847234420833959,0.000728034386204161,-0.000728034386204161,2015-04-14
0.6122315871717124,0.01785298679246269,0.01785298679246269,2015-04-15
0.6288015612363936,0.022497278045787848,0.022497278045787848,2015-04-16
0.14719709249336388,0.006887666578830568,-0.006887666578830568,2015-04-17
0.7670874379188245,0.030053018266711036,0.030053018266711036,2015-04-20
0.22973011527492382,0.015510786977754692,-0.015510786977754692,2015-04-21
0.8506581785067516,0.027381619135070503,0.027381619135070503,2015-04-22
0.45236474158746875,0.006696025962890791,0.0,2015-04-23
0.9569628379812494,0.030061915676964802,0.030061915676964802,2015-04-24
0.7175371592221382,0.0011449548636519986,0.0011449548636519986,2015-04-27
0.4442556424258354,0.018271513202933194,0.0,2015-04-28
0.9057903122964258,0.01847156326390643,0.01847156326390643,2015-04-30
0.9919109815799906,0.007619636439187024,0.007619636439187024,2015-05-01
0.6421285900397818,0.010479269427304531,0.010479269427304531,2015-05-07
0.5411165857786856,0.017064446115529264,0.0,2015-05-08
0.3117345563440467,0.033463170817727074,-0.033463170817727074,2015-05-11
0.39993313423008947,0.011346616545498012,-0.011346616545498012,2015-05-12
0.6930067067343572,0.004496222476658173,-0.004496222476658173,2015-05-13
0.09576940014802238,0.002950036467114458,-0.002950036467114458,2015-05-14
0.08615432801057121,0.0019690675802248236,-0.0019690675802248236,2015-05-15
0.10446063011000284,0.0249736760818954,-0.0249736760818954,2015-05-18
0.29112026124641033,0.03551956489682427,0.03551956489682427,2015-05-19
0.4615321527709625,0.007392888771174436,0.0,2015-05-20
0.4678603762490521,0.0030932967738464302,0.0,2015-05-21
0.6394555204671011,0.020732070972236345,0.020732070972236345,2015-05-22
0.8010062419926794,0.002978134637387308,0.002978134637387308,2015-05-25
0.01658468444767036,0.013169383852826837,-0.013169383852826837,2015-05-26
0.6373938062675768,0.011477962670367065,0.011477962670367065,2015-05-27
0.9066740492513676,0.007846320816610616,0.007846320816610616,2015-05-28
0.9878338405458235,0.009608222342116704,0.009608222342116704,2015-05-29
0.422590096822133,0.010898711731902523,0.0,2015-06-01
0.9276408099397427,0.007123160770751712,0.007123160770751712,2015-06-02
0.8587727938076649,0.012979363660891323,0.012979363660891323,2015-06-03
0.1267465903643018,0.004638096029866456,-0.004638096029866456,2015-06-04
0.31716647920667596,0.0036036595893779687,-0.0036036595893779687,2015-06-05
0.9702300700845774,0.005193508394980171,0.005193508394980171,2015-06-08
0.859676758310276,0.008047403618048914,0.008047403618048914,2015-06-09
0.6544633169528944,0.022520632729948132,0.022520632729948132,2015-06-10
0.21404023129165128,0.0012464803928763995,-0.0012464803928763995,2015-06-11
0.7511297043800429,0.006851996130018575,0.006851996130018575,2015-06-12
0.27574113414154433,0.018835160155079977,-0.018835160155079977,2015-06-15
0.5219677308011764,0.005835744681018889,0.0,2015-06-16
0.4529644956147384,0.016793910918003307,0.0,2015-06-17
0.7534225212686103,0.0128657621070583,0.0128657621070583,2015-06-18
0.3243953165287836,0.0007103608935709956,0.0007103608935709956,2015-06-19
0.9746765285581198,0.03396110545579393,0.03396110545579393,2015-06-22
0.10157074983542458,0.014866267993410566,-0.014866267993410566,2015-06-23
0.014710490514880714,0.0027008994729937584,-0.0027008994729937584,2015-06-24
0.3974506166829216,0.0066534398648773535,-0.0066534398648773535,2015-06-25
0.7574126501730827,0.009938109400084882,0.009938109400084882,2015-06-26
0.6395337567700189,0.02497689612538877,0.02497689612538877,2015-06-29
0.7721201121864512,0.013221298923746985,0.013221298923746985,2015-06-30
0.4345025333641773,0.022652915923804515,0.0,2015-07-01
0.7741226883137319,0.005959860105781611,0.005959860105781611,2015-07-02
0.4168415882001828,0.015220448900553896,0.0,2015-07-03
0.5646994073410517,0.03473040251689698,0.0,2015-07-06
0.12855834942449684,0.0009695191068720486,-0.0009695191068720486,2015-07-07
0.3860447247763428,0.009833839163659232,-0.009833839163659232,2015-07-08
0.2248419041488514,0.01984761961386059,-0.01984761961386059,2015-07-09
0.21862141716672268,0.0056250988599080304,-0.0056250988599080304,2015-07-10
0.9077917463033309,0.008528719082834185,0.008528719082834185,2015-07-13
0.44120805096151805,0.029860216329700283,0.0,2015-07-14
0.8495549803820333,0.0017261146820980921,0.0017261146820980921,2015-07-15
0.20515486350545498,0.02143878984007141,0.02143878984007141,2015-07-16
0.2195480632866872,0.019151859188370944,-0.019151859188370944,2015-07-17
0.08707020391158049,0.031058591461961882,-0.031058591461961882,2015-07-21
0.9259339556321506,0.02240187698975031,0.02240187698975031,2015-07-22
0.8672734481011435,0.004676603079366868,0.004676603079366868,2015-07-23
0.8444189700294289,0.005012731987673079,0.005012731987673079,2015-07-24
0.3513497595033678,0.012854393418073767,0.012854393418073767,2015-07-27
0.6400819607077718,0.03194755725752004,0.03194755725752004,2015-07-28
0.8838787040558191,0.0066397713879639345,0.0066397713879639345,2015-07-29
0.1544180208015754,0.005648859949078159,-0.005648859949078159,2015-07-30
0.9128743186597397,0.014606043203281585,0.014606043203281585,2015-07-31
0.9673740261952858,0.007703239483475911,0.007703239483475911,2015-08-03
0.9630631523227143,0.00840682890500993,0.00840682890500993,2015-08-04
0.5570421498841156,0.02666988018652408,0.0,2015-08-05
0.72779157540803,0.004994276200227234,0.004994276200227234,2015-08-06
0.7548661206567542,0.001168087779160253,0.001168087779160253,2015-08-07
0.783091376223193,0.008982928438949192,0.008982928438949192,2015-08-10
0.7297886487869844,0.025637804947003986,0.025637804947003986,2015-08-11
0.07075617986862093,0.029681136428026677,-0.029681136428026677,2015-08-12
0.7534670599336358,0.026041476463597463,-0.026041476463597463,2015-08-13
0.322551088265598,0.015282216275250714,-0.015282216275250714,2015-08-14
0.6188901130943787,0.03266517847599103,-0.03266517847599103,2015-08-17
0.9490298248645046,0.009646785155608186,0.009646785155608186,2015-08-18
0.6596014973689429,0.04134763873221692,0.04134763873221692,2015-08-19
0.46574248744189584,0.00038362677653165753,0.0,2015-08-20
0.8233611157584446,0.007340842646243784,0.007340842646243784,2015-08-21
0.8974692088489905,0.005086901696273502,0.005086901696273502,2015-08-24
0.6865695561390943,0.006182777874724603,0.006182777874724603,2015-08-25
0.7394559036117719,0.01285387827729596,0.01285387827729596,2015-08-26
0.3518459885548698,0.02038298534353771,-0.02038298534353771,2015-08-27
0.24547936699696293,0.01150995149044975,-0.01150995149044975,2015-08-28
0.07932914054841467,0.004161892510704529,-0.004161892510704529,2015-08-31
0.19620841025128055,0.006760047066946574,-0.006760047066946574,2015-09-01
0.39486638271805996,0.01907385588881224,-0.01907385588881224,2015-09-02
0.5901518492112378,0.011408499335285215,0.0,2015-09-03
0.4637093402950574,0.0041261377163703235,0.0,2015-09-04
0.9965250443650012,0.004878149607282629,0.004878149607282629,2015-09-07
0.05018914380156947,0.006740252017731761,-0.006740252017731761,2015-09-08
0.7731639254599381,0.030743098292762904,0.030743098292762904,2015-09-09
0.9160773707961726,0.0031321038048351306,0.0031321038048351306,2015-09-10
0.8662785735405639,0.005017451501360123,0.005017451501360123,2015-09-11
0.7515257772691072,0.01862196179431771,0.01862196179431771,2015-09-14
0.5521943142550672,0.011062646606725993,0.0,2015-09-15
0.9206032406795845,0.004327763811375428,0.004327763811375428,2015-09-16
0.9014466227289896,0.0038022791488078224,0.0038022791488078224,2015-09-17
0.6228095194553701,0.004522368931771339,-0.004522368931771339,2015-09-18
0.3501859707407864,0.005972508486492483,-0.005972508486492483,2015-09-24
0.0621110166429103,0.011930111321828753,-0.011930111321828753,2015-09-25
0.2509891976163391,0.01537135361727693,-0.01537135361727693,2015-09-28
0.3538258526523188,0.03362887642387765,-0.03362887642387765,2015-09-29
0.3877123932921349,2.1385675017383067e-05,2.1385675017383067e-05,2015-09-30
0.5658118816316015,0.01569728853938345,0.0,2015-10-01
0.5233856119874396,0.030431096856062663,0.0,2015-10-02
0.02724918794457054,0.0198571290756734,-0.0198571290756734,2015-10-05
0.3296241885773631,0.017460172016827823,0.017460172016827823,2015-10-06
0.7572995350146677,0.012654930981845738,0.012654930981845738,2015-10-07
0.5863317635509763,0.007488585227887886,0.0,2015-10-08
0.672063239010394,0.031006185328913513,0.031006185328913513,2015-10-09
0.7230776809292812,0.04850257284518088,0.04850257284518088,2015-10-13
0.005622912795856472,0.019767709896978857,-0.019767709896978857,2015-10-14
0.7395729012794853,0.0034179410840122887,0.0034179410840122887,2015-10-15
0.46191624358154704,0.026763420393201873,0.0,2015-10-16
0.49734661748834996,0.01956121965911586,0.0,2015-10-19
0.34812464262600795,0.03129676792013969,-0.03129676792013969,2015-10-20
0.7454705119416326,0.02468461293876285,0.02468461293876285,2015-10-21
0.3871635792425687,0.0018878966624084257,-0.0018878966624084257,2015-10-22
0.9981630056923948,0.03608012141040108,0.03608012141040108,2015-10-23
0.4312590351044643,0.008144399779919953,0.0,2015-10-26
0.14563493252342397,0.026150644333193144,-0.026150644333193144,2015-10-27
0.7687644412705259,0.011609550912454367,-0.011609550912454367,2015-10-28
0.5597255093216826,0.04193850057218842,0.0,2015-10-29
0.19060051532469502,0.006133472360933224,-0.006133472360933224,2015-10-30
0.12073704734030899,0.007966244388901212,-0.007966244388901212,2015-11-02
0.7581488057984958,0.020836993259617756,0.020836993259617756,2015-11-04
0.7758372100859451,0.007957671638506083,-0.007957671638506083,2015-11-05
0.4450145129506855,0.010771682453150308,0.0,2015-11-06
0.5334578623579721,1.7503687550161002e-05,0.0,2015-11-09
0.03123114374528968,0.02343719415552169,-0.02343719415552169,2015-11-10
0.28968530778398305,0.03412661980593624,-0.03412661980593624,2015-11-11
0.8799010985649746,0.010101051072013244,0.010101051072013244,2015-11-12
0.42351539758210655,0.004886735142550065,0.0,2015-11-13
0.5470591638980246,0.0043749355674245986,0.0,2015-11-16
0.6917385545560981,0.01829728328577401,0.01829728328577401,2015-11-17
0.37723494955196424,0.027093651523519866,-0.027093651523519866,2015-11-18
0.27494198579860063,0.010768165296191332,0.010768165296191332,2015-11-19
0.6462260749898137,0.010311892687388177,-0.010311892687388177,2015-11-20
0.5684373466555129,0.0178655999693277,0.0,2015-11-24
0.006131381184988571,0.014438535267453222,-0.014438535267453222,2015-11-25
0.34128200983662504,0.007620466468886706,-0.007620466468886706,2015-11-26
0.9738553069332588,0.007665762180954305,0.007665762180954305,2015-11-27
0.7882700370052901,0.013728746013091953,0.013728746013091953,2015-11-30
0.04950804440892531,0.0037983325563119984,-0.0037983325563119984,2015-12-01
0.038271487407224636,0.019125173948382698,-0.019125173948382698,2015-12-02
0.03801928613269778,0.005590559395981089,-0.005590559395981089,2015-12-03
0.25402217762962,0.004391616455146966,-0.004391616455146966,2015-12-04
0.45770113034247584,0.005825799803047594,0.0,2015-12-07
0.4285641515467389,0.0017724112067386071,0.0,2015-12-08
0.152816813166885,0.005877799797388894,-0.005877799797388894,2015-12-09
0.7427578473110841,0.03302876936729248,-0.03302876936729248,2015-12-10
0.05159561512854216,0.012806013921340073,-0.012806013921340073,2015-12-11
0.32066749553293106,0.00877529663579817,-0.00877529663579817,2015-12-14
0.4288558019612243,0.02220682232165467,0.0,2015-12-15
0.5209545361492799,0.019487185968049194,0.0,2015-12-16
0.15808380685819634,0.011301495195251683,-0.011301495195251683,2015-12-17
0.27859386885053616,0.0029641502269232485,-0.0029641502269232485,2015-12-18
0.629131015274394,0.0072852372099174445,0.0072852372099174445,2015-12-21
0.9829738619663713,0.012652510222821723,0.012652510222821723,2015-12-22
0.3613872263006287,0.014062411224978373,-0.014062411224978373,2015-12-24
0.24114025047936816,0.0033710499367063506,-0.0033710499367063506,2015-12-25
0.4486112039297371,0.0028138917775065264,0.0,2015-12-28
0.5024453732734816,0.020572121043018653,0.0,2015-12-29
0.8829058797064829,0.004238777015906303,0.004238777015906303,2015-12-30
0.4102603237573159,0.0001075069757332991,0.0,2016-01-05
0.4723031147911959,0.02349443070585806,0.0,2016-01-06
0.2911506092829409,0.016639190242254288,0.016639190242254288,2016-01-07
0.3929339699699127,0.008248220739240348,-0.008248220739240348,2016-01-08
0.22014997908672274,0.01057514389099087,0.01057514389099087,2016-01-12
0.7964011370300682,0.02246955591404837,0.02246955591404837,2016-01-13
0.22471106537862084,0.007075470115193279,-0.007075470115193279,2016-01-14
0.40956874700117774,0.011877372586428557,0.0,2016-01-15
0.668058577091413,0.016601643630484882,0.016601643630484882,2016-01-18
0.8622488537182107,0.022099580747553402,0.022099580747553402,2016-01-19
0.9811985914260087,0.021033171950696056,0.021033171950696056,2016-01-20
0.5994345118098414,0.0074343098890341935,0.0,2016-01-21
0.620112343638688,0.002930684206298568,0.002930684206298568,2016-01-22
0.2757160764219474,0.04455891359432633,-0.04455891359432633,2016-01-25
0.4672591974238749,0.014823970441694366,0.0,2016-01-26
0.5254009018643371,0.02651843732772878,0.0,2016-01-27
0.9133192404875851,0.009010841572532053,0.009010841572532053,2016-01-28
0.46724987569402854,0.0013297706068238324,0.0,2016-01-29
0.9271932091794588,0.0007739109641015,0.0007739109641015,2016-02-01
0.09107367008141198,0.013203294876374918,-0.013203294876374918,2016-02-02
0.9727292290446982,0.0076270469835626395,0.0076270469835626395,2016-02-03
0.46760362523418486,0.021990658832690222,0.0,2016-02-04
0.9244761746892758,0.00203350355583726,0.00203350355583726,2016-02-05
0.4908409610368256,0.018954655193796428,0.0,2016-02-08
0.9670575642655668,0.033825497494295774,0.033825497494295774,2016-02-09
0.5379966932076515,0.0295131477323788,0.0,2016-02-10
0.04424797753700105,0.006070438619035257,-0.006070438619035257,2016-02-12
0.10868568921093147,0.0018389879720389032,-0.0018389879720389032,2016-02-15
0.40181601837772074,0.01939595579757842,0.0,2016-02-16
0.6525829882878423,0.0013219422970639522,0.0013219422970639522,2016-02-17
0.2370385295568893,0.02749276092014226,-0.02749276092014226,2016-02-18
0.35982822766742517,0.012775760702333503,-0.012775760702333503,2016-02-19
0.9824202569248404,0.023912516678861063,0.023912516678861063,2016-02-22
0.5106083703226806,0.0163174525902741,0.0,2016-02-23
0.9011610730263928,0.0027334791874316275,0.0027334791874316275,2016-02-24
0.948821304392431,0.00985910053046225,0.00985910053046225,2016-02-25
0.04076349221717357,0.0029994356960490118,-0.0029994356960490118,2016-02-26
0.4792340180068939,0.004731343827397951,0.0,2016-02-29
0.23139833432899304,0.03343255254884796,-0.03343255254884796,2016-03-01
0.4205330991400993,0.012723463259643564,0.0,2016-03-02
0.28775475546726337,0.004142836802367725,-0.004142836802367725,2016-03-03
0.20513951078934134,0.0003196039136654372,-0.0003196039136654372,2016-03-04
0.30755094447198383,0.009369746247817235,-0.009369746247817235,2016-03-07
0.5475808336528709,0.0037193665055519345,0.0,2016-03-08
0.868441304102743,0.027956802280730296,0.027956802280730296,2016-03-09
0.010741510194690274,0.024531621625305883,-0.024531621625305883,2016-03-10
0.8642470628386726,0.006545396801155065,0.006545396801155065,2016-03-11
0.744961909615561,0.0023269322106869456,0.0023269322106869456,2016-03-14
0.10367954373020516,0.020050765639919203,-0.020050765639919203,2016-03-15
0.22775262408659436,0.03149955344994207,-0.03149955344994207,2016-03-16
0.5209280010554799,0.023336499147719056,0.0,2016-03-17
0.2336733485367617,0.025147665385572407,-0.025147665385572407,2016-03-18
0.4100108506891681,0.018612186974086724,0.0,2016-03-22
0.06854671816934033,0.01475814568643178,-0.01475814568643178,2016-03-23
0.6182620934710423,0.015436569878883843,0.015436569878883843,2016-03-24
0.28617636770778354,0.008271447529999152,-0.008271447529999152,2016-03-25
0.6864736010666173,0.02192998583384434,0.02192998583384434,2016-03-28
0.935887545514481,0.01790576290048802,0.01790576290048802,2016-03-29
0.6324250382514787,0.01595898165100399,0.01595898165100399,2016-03-30
0.5562920965855609,0.018892000147858846,0.0,2016-03-31
0.9069272248214268,0.009045519418491578,0.009045519418491578,2016-04-01
0.6054881558157224,0.01657233047713994,0.01657233047713994,2016-04-04
0.7250639905365662,0.01415958146316662,0.01415958146316662,2016-04-05
0.9290247591806646,0.004671705785260118,0.004671705785260118,2016-04-06
0.07567674759473375,0.03045066168135581,-0.03045066168135581,2016-04-07
0.9356160906477239,0.0018556586359055542,0.0018556586359055542,2016-04-08
0.8441659396501278,0.0034905045531096563,0.0034905045531096563,2016-04-11
0.3587039486775031,0.011334428669589659,0.011334428669589659,2016-04-12
0.9983734031485868,0.00488310982876782,0.00488310982876782,2016-04-13
0.7605525710310931,0.01785858172626125,0.01785858172626125,2016-04-14
0.37530502224743556,0.005565612645386124,-0.005565612645386124,2016-04-15
0.04815849986873788,0.009167275780605721,-0.009167275780605721,2016-04-18
0.28225746985286626,0.025815642516728493,-0.025815642516728493,2016-04-19
0.492966170707387,0.019512259744691014,0.0,2016-04-20
0.6801042985076533,0.003068704358610534,0.003068704358610534,2016-04-21
0.10011726027823076,0.021247426647223604,-0.021247426647223604,2016-04-22
0.42627981737594656,0.019844084430676378,0.0,2016-04-25
0.37223036546899135,0.004455949427809698,-0.004455949427809698,2016-04-26
0.5517186384903692,0.04233963615073753,0.0,2016-04-27
0.7382785722557058,0.03910884156429895,0.03910884156429895,2016-04-28
0.4237384425134294,0.004136666984448501,0.0,2016-05-02
0.1584773847871931,0.007340099613670516,-0.007340099613670516,2016-05-06
0.5302236982157271,0.00016994517059006574,0.0,2016-05-09
0.5405173084536968,0.00868407930637873,0.0,2016-05-10
0.7767683140659686,0.026486805600996383,-0.026486805600996383,2016-05-11
0.10366995662756762,0.023746587339781935,-0.023746587339781935,2016-05-12
0.3318226398225006,0.007630128163708288,-0.007630128163708288,2016-05-13
0.5019773847463416,0.0331833288541419,0.0,2016-05-16
0.34249643463737056,0.019203937659282237,-0.019203937659282237,2016-05-17
0.19291111713697862,0.000859813273395245,-0.000859813273395245,2016-05-18
0.36045762324530994,0.01628854486149187,-0.01628854486149187,2016-05-19
0.31395297947641565,0.005578902739996117,-0.005578902739996117,2016-05-20
0.9772930726914509,0.01857699687659058,0.01857699687659058,2016-05-23
0.3957673071000094,0.018079150838590546,-0.018079150838590546,2016-05-24
0.4507335195211374,0.012195141157595676,0.0,2016-05-25
0.5066853848615045,0.013694393256185954,0.0,2016-05-26
0.3243997593860145,0.0038294835974116118,0.0038294835974116118,2016-05-27
0.8800528201815814,0.00853058052671009,0.00853058052671009,2016-05-30
0.06862649744031346,0.0012318533327358968,-0.0012318533327358968,2016-05-31
0.24685664405442131,0.022296339420206323,-0.022296339420206323,2016-06-01
0.2873118423011416,0.010870468372704223,-0.010870468372704223,2016-06-02
0.9797833911265282,0.014476243668149565,0.014476243668149565,2016-06-03
0.9046223829320673,0.002774254491904189,0.002774254491904189,2016-06-06
0.31465668399245306,0.017553438657568164,-0.017553438657568164,2016-06-07
0.8671931406742418,0.012260904173432768,0.012260904173432768,2016-06-08
0.1871864938013862,0.0069115306661839656,-0.0069115306661839656,2016-06-09
0.4731054682814899,0.0040846748987063254,0.0,2016-06-10
0.14080331245150024,0.021231622351768842,-0.021231622351768842,2016-06-13
0.7855281352274506,0.00040522640606559745,0.00040522640606559745,2016-06-14
0.19571153676559405,0.00699554052227764,-0.00699554052227764,2016-06-15
0.6052010069131695,0.006439878361444944,0.006439878361444944,2016-06-16
0.11342097304296261,0.027104770161861934,-0.027104770161861934,2016-06-17
0.6841879753714107,0.01867629326483513,0.01867629326483513,2016-06-20
0.03612159199782705,0.016426555004203827,-0.016426555004203827,2016-06-21
0.5640209774293932,0.028862955103885514,0.0,2016-06-22
0.19300195999212066,0.0018722109113306206,-0.0018722109113306206,2016-06-23
0.26066889624590595,0.033990437749346014,0.033990437749346014,2016-06-24
0.7984042449144538,0.014070162699154152,0.014070162699154152,2016-06-27
0.25703848101338733,0.012589274103121089,-0.012589274103121089,2016-06-28
0.2174975488123252,0.01854954312148135,-0.01854954312148135,2016-06-29
0.9972584654959218,0.007161175403077207,0.007161175403077207,2016-06-30
0.26018131988284987,0.015158569527743047,-0.015158569527743047,2016-07-01
0.6327015346467375,0.001856754817637722,0.001856754817637722,2016-07-04
0.9141472384177279,0.0031856176243441896,0.0031856176243441896,2016-07-05
0.49603284373649603,0.010490822549916276,0.0,2016-07-06
0.45988953314677183,0.007068541763347244,0.0,2016-07-07
0.42892183976435894,0.00315114838830494,0.0,2016-07-08
0.51107883846392,0.012480865362580125,0.0,2016-07-11
0.5005025673971281,0.002959458418406551,0.0,2016-07-12
0.8373564064650868,0.003856974276406865,0.003856974276406865,2016-07-13
0.1632222560744162,0.013487648625267634,-0.013487648625267634,2016-07-14
0.39560863358892584,0.0037162355725226547,-0.0037162355725226547,2016-07-15
0.26582522552037857,0.017232404077068126,-0.017232404077068126,2016-07-19
0.25697765534430983,0.0022404647026669174,0.0022404647026669174,2016-07-20
0.08574049713292164,0.006113876934421875,-0.006113876934421875,2016-07-21
0.8236591961447947,0.023650765798487162,0.023650765798487162,2016-07-22
0.5911321674206881,0.024083677907230074,0.0,2016-07-25
0.6776865751126838,0.023656095294401804,0.023656095294401804,2016-07-26
0.6682851110275775,0.010766742934815915,0.010766742934815915,2016-07-27
0.3495398958604553,0.019285353611556075,-0.019285353611556075,2016-07-28
0.5644889000236789,0.005767647888540381,0.0,2016-07-29
0.5206471367089108,0.006428469388971554,0.0,2016-08-01
0.7888789766594857,0.005316300747034568,0.005316300747034568,2016-08-02
0.16360501294039487,0.007545187953736479,-0.007545187953736479,2016-08-03
0.011076565104509939,0.0002931139204696499,-0.0002931139204696499,2016-08-04
0.4808759097966623,0.026403857641900806,0.0,2016-08-05
0.8659337398096676,0.03633282657160262,0.03633282657160262,2016-08-08
0.9923157772036034,0.0028641650606996555,0.0028641650606996555,2016-08-09
0.6417815538156445,0.002744352365434665,0.002744352365434665,2016-08-10
0.09855418748057487,0.004329477895295384,-0.004329477895295384,2016-08-12
0.5812013810747069,0.010247898721717694,0.0,2016-08-15
0.2566038862263448,0.006822968545736701,-0.006822968545736701,2016-08-16
0.46613229198082173,0.02054380018415754,0.0,2016-08-17
0.7140942438018512,0.03311164286939902,0.03311164286939902,2016-08-18
0.04317209921855891,0.01753371144620832,-0.01753371144620832,2016-08-19
0.3176810013813208,0.020461388378684768,0.020461388378684768,2016-08-22
0.4658642122265907,0.008571106964568297,0.0,2016-08-23
0.05888258079322739,0.022040478655558096,-0.022040478655558096,2016-08-24
0.7462875360825919,0.021078485600534838,0.021078485600534838,2016-08-25
0.8538820545576171,0.008197511033125701,0.008197511033125701,2016-08-26
0.7154899129982517,0.018155368079563177,0.018155368079563177,2016-08-29
0.876626850814031,0.0017205387219336166,0.0017205387219336166,2016-08-30
0.5292434031148537,0.009131505213317103,0.0,2016-08-31
0.6018277851914942,0.01438100172929698,0.01438100172929698,2016-09-01
0.09106645839803129,0.025538128852212117,-0.025538128852212117,2016-09-02
0.2114632601826666,0.010452003318947313,-0.010452003318947313,2016-09-05
0.30529290793210373,0.014032765432141919,-0.014032765432141919,2016-09-06
0.4244067255958921,0.00474300197311047,0.0,2016-09-07
0.9555208500909566,0.002820937568968353,0.002820937568968353,2016-09-08
0.4019299329223326,0.03641468760709403,0.0,2016-09-09
0.2204382328804596,0.005562160885323159,-0.005562160885323159,2016-09-12
0.12080827890150947,0.00426771517620683,-0.00426771517620683,2016-09-13
0.08067795233254427,0.0019200124716917935,-0.0019200124716917935,2016-09-14
0.955989563021663,0.018618099356328112,0.018618099356328112,2016-09-15
0.9347845993429253,0.018896585167503678,0.018896585167503678,2016-09-16
0.7878874844446228,0.04419792763436914,0.04419792763436914,2016-09-20
0.008605845017150338,0.003612286463715811,-0.003612286463715811,2016-09-21
0.23594061231889085,0.009463748626261734,-0.009463748626261734,2016-09-23
0.40201816601856033,0.0006574867832902205,0.0,2016-09-26
0.9773689510679637,0.004912174310964008,0.004912174310964008,2016-09-27
0.955677018336944,0.016404801191265757,0.016404801191265757,2016-09-28
0.39249319069407707,0.03119807703675065,-0.03119807703675065,2016-09-29
0.8610639045185841,0.017551818199658082,0.017551818199658082,2016-09-30
0.3827165034169522,0.036548064345459895,-0.036548064345459895,2016-10-03
0.9565867529352019,0.012532295973325655,0.012532295973325655,2016-10-04
0.5688706721826143,0.040214241567112737,0.0,2016-10-05
0.9072460802337533,0.016998932480301283,0.016998932480301283,2016-10-06
0.6722275884705713,0.019215456589872858,0.019215456589872858,2016-10-07
0.9139814697807465,0.01439141803567549,0.01439141803567549,2016-10-11
0.34192524381874057,0.017356135267400485,0.017356135267400485,2016-10-12
0.9385256740252815,0.03288982901614158,0.03288982901614158,2016-10-13
0.22920593410847134,0.005147877779869787,-0.005147877779869787,2016-10-14
0.8461043300850496,0.01506608689602686,0.01506608689602686,2016-10-17
0.5304118619873537,0.011192309910602292,0.0,2016-10-18
0.3812416320748615,0.03542222163804958,-0.03542222163804958,2016-10-19
0.9946813110696175,0.012540151180322002,0.012540151180322002,2016-10-20
0.2945686850941822,0.0014288988008371519,-0.0014288988008371519,2016-10-21
0.8279095270856669,0.024213497815818885,0.024213497815818885,2016-10-24
0.5662342576669469,0.008168510949028422,0.0,2016-10-25
0.933551821804043,0.0034654316527171357,0.0034654316527171357,2016-10-26
0.38846713383238785,0.020613795520684836,-0.020613795520684836,2016-10-27
0.11934135660795286,0.017977612774446535,-0.017977612774446535,2016-10-28
0.021438385166753893,0.030167972608135134,-0.030167972608135134,2016-10-31
0.9560007507717633,0.004292490397387112,0.004292490397387112,2016-11-01
0.8320009731396082,0.003948280367268546,0.003948280367268546,2016-11-02
0.40598179158257797,0.03271651503190737,0.0,2016-11-04
0.6428645160521428,0.008223555289957404,0.008223555289957404,2016-11-07
0.8497686470552559,0.011003385358492579,0.011003385358492579,2016-11-08
0.9287069513511177,0.015153987209971017,0.015153987209971017,2016-11-09
0.4176649757539169,0.006562670790120423,0.0,2016-11-10
0.9501198094433804,0.017761326646764927,0.017761326646764927,2016-11-11
0.04870804538251661,0.001087556397031626,-0.001087556397031626,2016-11-14
0.13413483170740426,0.008465998989463198,-0.008465998989463198,2016-11-15
0.9534333751420052,0.016805137577328155,0.016805137577328155,2016-11-16
0.18597099936186967,0.01083030161947282,-0.01083030161947282,2016-11-17
0.5574197623720462,0.010571164262400148,0.0,2016-11-18
0.6796800632986727,0.003559054905917017,0.003559054905917017,2016-11-21
0.5006178111443261,0.015189301811157687,0.0,2016-11-22
0.4265164837827975,0.009863963920794317,0.0,2016-11-24
0.8772702504392815,0.01488433239440092,0.01488433239440092,2016-11-25
0.999838491017891,0.01945929462858053,0.01945929462858053,2016-11-28
0.016259601789361144,0.022217967481641666,-0.022217967481641666,2016-11-29
0.8400287727475962,0.033775438103454916,0.033775438103454916,2016-11-30
0.9147118158425193,0.006729633875523863,0.006729633875523863,2016-12-01
0.7128958311719472,0.010826801535968836,-0.010826801535968836,2016-12-02
0.978944126271466,0.030787193423853516,0.030787193423853516,2016-12-05
0.9114055059637636,0.0051740429119427524,0.0051740429119427524,2016-12-06
0.12277487339189597,0.0012893743521469444,-0.0012893743521469444,2016-12-07
0.06134130029819507,0.011428847756159455,-0.011428847756159455,2016-12-08
0.10107463956371687,0.0026760775939343056,-0.0026760775939343056,2016-12-09
0.67925830306879,0.02220157307799286,0.02220157307799286,2016-12-12
0.9841146476144551,0.012873086417186673,0.012873086417186673,2016-12-13
0.6753247389902306,0.0132791374675893,-0.0132791374675893,2016-12-14
0.2896033568950571,0.007888394836821043,0.007888394836821043,2016-12-15
0.3307039235437722,0.023328228036151956,0.023328228036151956,2016-12-16
0.3226142676559792,0.0032137193840006645,-0.0032137193840006645,2016-12-19
0.6927229494538844,0.01689880979737301,0.01689880979737301,2016-12-20
0.6761756346348181,0.008328531857001522,0.008328531857001522,2016-12-21
0.7474326573495705,0.015330306602236393,0.015330306602236393,2016-12-22
0.5626970658514231,0.03064591402910436,0.0,2016-12-26
0.9073378586128883,0.028820857541313135,0.028820857541313135,2016-12-27
0.7876180551295839,0.004352421678294702,0.004352421678294702,2016-12-28
0.786817875962495,0.009922545314056489,0.009922545314056489,2016-12-29
0.34792264411679363,0.01593058142237908,-0.01593058142237908,2016-12-30
0.7908044853671101,0.010036722234883702,-0.010036722234883702,2017-01-04
0.8767519274646582,0.014788447153415277,0.014788447153415277,2017-01-05
0.24837040033333235,0.01363037033724215,-0.01363037033724215,2017-01-06
0.956311401258765,0.0023291894264557134,0.0023291894264557134,2017-01-10
0.42831508522232775,0.006872112744322746,0.0,2017-01-11
0.3790799044402543,0.0228066296867065,-0.0228066296867065,2017-01-12
0.22830394265696385,0.024072266961011834,-0.024072266961011834,2017-01-13
0.5424802971189088,0.022501835877531705,0.0,2017-01-16
0.5107409667324931,0.0070705146880068225,0.0,2017-01-17
0.34078449490310614,0.015461557296486914,0.015461557296486914,2017-01-18
0.3258797074315142,0.022727845505868025,-0.022727845505868025,2017-01-19
0.9706314448851141,0.02421994015112609,0.02421994015112609,2017-01-20
0.46037763346755467,0.02056093536919497,0.0,2017-01-23
0.6424283595097281,0.01672444407155554,0.01672444407155554,2017-01-24
0.5346542038743112,0.017908641778927967,0.0,2017-01-25
0.44928275395579675,0.002522805527956054,0.0,2017-01-26
0.2502821796481216,0.013885895952018522,-0.013885895952018522,2017-01-27
0.10756880594920237,0.008667122522911224,-0.008667122522911224,2017-01-30
0.8664258515809055,0.009002026307876098,0.009002026307876098,2017-01-31
0.734007492193873,0.008882046834380828,0.008882046834380828,2017-02-01
0.8671984766741105,0.051710211280525414,0.051710211280525414,2017-02-02
0.31008163692788315,0.005671195017987639,-0.005671195017987639,2017-02-03
0.3827530332524305,0.01870576953597124,-0.01870576953597124,2017-02-06
0.7991721434028428,0.0027682141080593962,0.0027682141080593962,2017-02-07
0.575708304491573,0.020810605772334286,0.0,2017-02-08
0.6854008707497127,0.018500151564487106,-0.018500151564487106,2017-02-09
0.22383088953797226,0.029017468616457452,0.029017468616457452,2017-02-10
0.4302250248966001,0.009920404431256868,0.0,2017-02-13
0.05878372803045151,0.0011701769690809132,-0.0011701769690809132,2017-02-14
0.4623221125755549,0.018907887837379327,0.0,2017-02-15
0.623423853466001,0.002981843417494169,0.002981843417494169,2017-02-16
0.8404336439631668,0.008444875660845721,0.008444875660845721,2017-02-17
0.3996765701610837,0.041504166391318154,-0.041504166391318154,2017-02-20
0.986635897999637,0.005981011408897684,0.005981011408897684,2017-02-21
0.44489589133844865,0.013137234810507895,0.0,2017-02-22
0.5614875212483523,0.0029236176144498923,0.0,2017-02-23
0.10140926933795968,0.001847967578979236,-0.001847967578979236,2017-02-24
0.637789971143038,0.02282532197048325,0.02282532197048325,2017-02-27
0.28689259267401,0.02138409184578234,0.02138409184578234,2017-02-28
0.2003840253415552,0.01265348890189575,-0.01265348890189575,2017-03-01
0.20917205482290113,0.02333643821643283,0.02333643821643283,2017-03-02
0.09509592418864776,0.02278646836298282,-0.02278646836298282,2017-03-03
0.9687307041500384,0.021425930691358303,0.021425930691358303,2017-03-06
0.8783693758504083,0.030510303513579227,0.030510303513579227,2017-03-07
0.057322319527373766,0.020871913135048294,-0.020871913135048294,2017-03-08
0.8012777596574978,0.03199795056798427,0.03199795056798427,2017-03-09
0.06910501063977503,0.019564077060063672,-0.019564077060063672,2017-03-10
0.26881464824770196,0.0017682709060187038,-0.0017682709060187038,2017-03-13
0.773004365958813,0.01795999467680604,-0.01795999467680604,2017-03-14
0.7648626921286281,0.005470572426966418,-0.005470572426966418,2017-03-15
0.0012410020973341318,0.006311185931449436,-0.006311185931449436,2017-03-16
0.8191920775634082,0.028952669929492098,0.028952669929492098,2017-03-17
0.47671177707929346,0.0007075739295503399,0.0,2017-03-21
0.7856597205237599,0.014809353260844614,0.014809353260844614,2017-03-22
0.06258898087511178,0.021792137962986128,-0.021792137962986128,2017-03-23
0.8473637774172541,0.020237205950692047,0.020237205950692047,2017-03-24
0.5984922297130884,0.007358415454466842,0.0,2017-03-27
0.9363976593431612,0.0014189194748560792,0.0014189194748560792,2017-03-28
0.044881184378072314,0.007428099082030344,-0.007428099082030344,2017-03-29
0.9074993885256953,0.0077477607691938555,0.0077477607691938555,2017-03-30
0.9828762578153457,0.0022190295555158156,0.0022190295555158156,2017-03-31
0.9753584239225951,0.02966944171450718,0.02966944171450718,2017-04-03
0.12735981735114688,0.0027658337346915447,-0.0027658337346915447,2017-04-04
0.9742012301028616,0.011988361487679641,0.011988361487679641,2017-04-05
0.4985407931736674,0.016964885375258507,0.0,2017-04-06
0.9643758962564751,0.007617082692171987,0.007617082692171987,2017-04-07
0.6309947415344506,0.015167156426154571,-0.015167156426154571,2017-04-10
0.2303951754171243,0.002606095114099231,-0.002606095114099231,2017-04-11
0.4541988558677864,0.03201997795673622,0.0,2017-04-12
0.5484309928461891,0.0010272838001554405,0.0,2017-04-13
0.692284534875287,0.007377899184110693,0.007377899184110693,2017-04-14
0.3239013312358524,0.029079859534816645,0.029079859534816645,2017-04-17
0.9070007368405049,0.01610243620847008,0.01610243620847008,2017-04-18
0.1716277063775672,0.00787962987072608,-0.00787962987072608,2017-04-19
0.8488459032742438,0.014053754853095499,0.014053754853095499,2017-04-20
0.18666461577522853,0.00030925820811347955,-0.00030925820811347955,2017-04-21
0.3588232238042405,0.003148444791125007,-0.003148444791125007,2017-04-24
0.1064905394099871,0.039672798808100825,-0.039672798808100825,2017-04-25
0.046420833124400485,0.009476833881543514,-0.009476833881543514,2017-04-26
0.6928719997480033,0.010456568378065119,-0.010456568378065119,2017-04-27
0.14792613282908862,0.03156244742450807,-0.03156244742450807,2017-04-28
0.1398545690137889,0.0021390993317482268,-0.0021390993317482268,2017-05-01
0.15324946904025838,0.0013682698215495394,-0.0013682698215495394,2017-05-02
0.8915457623805383,0.0035880770732657124,0.0035880770732657124,2017-05-08
0.10383865797208469,0.009299848809599052,-0.009299848809599052,2017-05-09
0.6949250010019684,0.004632927787096156,0.004632927787096156,2017-05-10
0.4485394305777006,0.006526719452818953,0.0,2017-05-11
0.5926774290056234,0.006903136660292131,0.0,2017-05-12
0.03213592872209503,0.003710780102893653,-0.003710780102893653,2017-05-15
0.3228603233277272,0.007144099180989755,-0.007144099180989755,2017-05-16
0.2907502771842261,0.014225405480315544,-0.014225405480315544,2017-05-17
0.14566743131940796,0.00987214092794175,-0.00987214092794175,2017-05-18
0.5352309360494768,0.009805672915034208,0.0,2017-05-19
0.08390463452213637,0.0018117198592717556,-0.0018117198592717556,2017-05-22
0.43997885454107566,0.021391686649324018,0.0,2017-05-23
0.7744362923651877,0.01566631372823036,0.01566631372823036,2017-05-24
0.22520146373538552,0.023640769130380917,-0.023640769130380917,2017-05-25
0.07209551056203056,0.023593133012283777,-0.023593133012283777,2017-05-26
0.863478101060417,0.0028961930922468578,0.0028961930922468578,2017-05-29
0.6159758144330052,0.01666069691021833,0.01666069691021833,2017-05-30
0.7683360405029995,0.010324668381147168,0.010324668381147168,2017-05-31
0.6211741082045008,0.019005975088197527,0.019005975088197527,2017-06-01
0.6246748204258876,0.01847141104649692,0.01847141104649692,2017-06-02
0.1570260688691859,0.0030619087858851537,-0.0030619087858851537,2017-06-05
0.7224282746922492,0.007184984705822194,0.007184984705822194,2017-06-06
0.6348870223590146,0.04225463483574872,-0.04225463483574872,2017-06-07
0.9858243534198591,0.015217604882221937,0.015217604882221937,2017-06-08
0.2842931882081594,0.017791191315409544,-0.017791191315409544,2017-06-09
0.7399900654124777,0.028862961176795827,0.028862961176795827,2017-06-12
0.8360899583547192,0.0076869716877516325,0.0076869716877516325,2017-06-13
0.37928464852478705,0.02395799537267234,-0.02395799537267234,2017-06-14
0.9131077217584848,0.02817754631105964,0.02817754631105964,2017-06-15
0.19638402952017853,0.013687256393266818,-0.013687256393266818,2017-06-16
0.18166475280332883,0.0200984558884663,-0.0200984558884663,2017-06-19
0.7319975236976326,0.003329748316558567,0.003329748316558567,2017-06-20
0.25376617045612093,0.0014750277529171517,-0.0014750277529171517,2017-06-21
0.29503971219923175,0.014671371777086401,-0.014671371777086401,2017-06-22
0.3877930692258351,0.003319000496205022,-0.003319000496205022,2017-06-23
0.2358215224818796,0.008987324146032365,0.008987324146032365,2017-06-26
0.12472969059034611,0.0070473266544946,-0.0070473266544946,2017-06-27
0.32952431040874675,0.022456309133713794,-0.022456309133713794,2017-06-28
0.7756440168089438,0.011601265872439325,0.011601265872439325,2017-06-29
0.9360375374017307,0.014759484270869103,0.014759484270869103,2017-06-30
0.4980114941681195,0.008743294182395979,0.0,2017-07-03
0.319629800316119,0.00818129658571021,-0.00818129658571021,2017-07-04
0.5453428113707359,0.020210828221345373,0.0,2017-07-05
0.10308323377945794,0.006083214588802883,-0.006083214588802883,2017-07-06
0.3918058338139615,0.009387724687377847,-0.009387724687377847,2017-07-07
0.4291220638587139,0.020084688117599045,0.0,2017-07-10
0.10405051463532111,0.009239197000614402,-0.009239197000614402,2017-07-11
0.3039996454909637,0.05683973097993926,-0.05683973097993926,2017-07-12
0.6947360821701994,0.0032983909298877822,0.0032983909298877822,2017-07-13
0.40466623833044024,0.0027967001976045456,0.0,2017-07-14
0.6135959783805625,0.0021688921288833293,-0.0021688921288833293,2017-07-18
0.0009195831902381046,0.024434485213711943,-0.024434485213711943,2017-07-19
0.17822281855730016,0.00725186561488687,-0.00725186561488687,2017-07-20
0.18010954613197527,0.014093418679467463,-0.014093418679467463,2017-07-21
0.9138767259664914,0.012805564051552627,0.012805564051552627,2017-07-24
0.29108426473241955,0.010688801811139214,-0.010688801811139214,2017-07-25
0.3371315869551411,0.031591815094819585,-0.031591815094819585,2017-07-26
0.7222518987017956,0.03644249087844886,0.03644249087844886,2017-07-27
0.8246029252918196,0.002201160642883023,0.002201160642883023,2017-07-28
0.3202059792074382,0.015328498420807427,-0.015328498420807427,2017-07-31
0.9930790577493194,0.0038754019547340263,0.0038754019547340263,2017-08-01
0.6349284362568972,0.00605677754029339,-0.00605677754029339,2017-08-02
0.7432002776880827,0.0227746510409601,0.0227746510409601,2017-08-03
0.8461034303643461,0.02945580077573278,0.02945580077573278,2017-08-04
0.6075311682668131,0.0051297317467718226,0.0051297317467718226,2017-08-07
0.34048473781252786,0.01250425344457686,0.01250425344457686,2017-08-08
0.8501610097550268,0.009559298763494213,0.009559298763494213,2017-08-09
0.8288563307920533,0.027518360455201295,0.027518360455201295,2017-08-10
0.5666362283094424,0.035883564370475594,0.0,2017-08-14
0.9573388343841538,0.03182592463021048,0.03182592463021048,2017-08-15
0.8872231004633911,0.004939645401248854,0.004939645401248854,2017-08-16
0.906841751448434,0.026322769704051868,0.026322769704051868,2017-08-17
0.4042128855734408,0.016009856544418315,0.0,2017-08-18
0.058961039776134316,0.00825482691419826,-0.00825482691419826,2017-08-21
0.5044257407985399,0.018777717958036937,0.0,2017-08-22
0.9384505738103095,0.01986919306685799,0.01986919306685799,2017-08-23
0.2390403340336711,0.028540096129431442,-0.028540096129431442,2017-08-24
0.8800676110362864,0.03458478108192008,0.03458478108192008,2017-08-25
0.8792556089255965,0.01246536872413522,0.01246536872413522,2017-08-28
0.5668063689914966,0.007191798446092244,0.0,2017-08-29
0.9863531066061648,0.001605757361649962,0.001605757361649962,2017-08-30
0.8093816566723574,0.008441775409272222,0.008441775409272222,2017-08-31
0.210010681701696,0.011780642917373105,0.011780642917373105,2017-09-01
0.15298003015415784,0.02095033899656425,-0.02095033899656425,2017-09-04
0.29684784597912206,0.00631030379853054,-0.00631030379853054,2017-09-05
0.7427221805281868,0.02180568321979448,0.02180568321979448,2017-09-06
0.18772937041111315,0.01049158056354106,-0.01049158056354106,2017-09-07
0.5490221253534141,0.012610083911360705,0.0,2017-09-08
0.2500372929059854,0.021096820703206568,0.021096820703206568,2017-09-11
0.4700875974692904,0.01322434045298372,0.0,2017-09-12
0.9628001487871659,0.0032263953007903067,0.0032263953007903067,2017-09-13
0.02566760440665561,0.022787492771326405,-0.022787492771326405,2017-09-14
0.8703085002373667,0.017523327064882167,0.017523327064882167,2017-09-15
0.41546426281995075,0.015273138954621578,0.0,2017-09-19
0.3508627403267075,0.006792985265619264,0.006792985265619264,2017-09-20
0.4573755087106577,0.0196732466746205,0.0,2017-09-21
0.551988642309048,0.02596883866025203,0.0,2017-09-22
0.6060438837193067,0.024382678956760148,0.024382678956760148,2017-09-25
0.23728568912939962,0.00881323023381582,-0.00881323023381582,2017-09-26
0.6206169650564781,0.010234742587698029,-0.010234742587698029,2017-09-27
0.3757939153524614,0.017311727891855058,0.017311727891855058,2017-09-28
0.5991578732243364,0.015906384347603462,0.0,2017-09-29
0.19983953245168795,0.05290684566481027,-0.05290684566481027,2017-10-02
0.057718033202021735,0.0210867129677854,-0.0210867129677854,2017-10-03
0.8737825860879725,0.03768753819412754,0.03768753819412754,2017-10-04
0.6721529705754219,0.022363243333035566,0.022363243333035566,2017-10-05
0.9991561854062222,0.004285400260162491,0.004285400260162491,2017-10-06
0.29895549826839396,0.01425891799624076,-0.01425891799624076,2017-10-10
0.5741109060891884,0.026166482326230093,0.0,2017-10-11
0.29461708335170256,0.026649718237485406,-0.026649718237485406,2017-10-12
0.31560861272826923,0.0036668424605827707,-0.0036668424605827707,2017-10-13
0.057090484977230904,0.009345064810430268,-0.009345064810430268,2017-10-16
0.2263795770394058,0.0028664363550079236,0.0028664363550079236,2017-10-17
0.5749123239006413,0.0094359768227223,0.0,2017-10-18
0.8252074302968396,0.013369478019640103,0.013369478019640103,2017-10-19
0.39301307937978425,0.028911343089016453,-0.028911343089016453,2017-10-20
0.9361134121580637,0.004365817290006886,0.004365817290006886,2017-10-23
0.9808878753222433,0.0031675493595210336,0.0031675493595210336,2017-10-24
0.8212800834068252,0.0007879286193392855,0.0007879286193392855,2017-10-25
0.015075574538241598,0.020589202499357435,-0.020589202499357435,2017-10-26
0.9706761706598692,0.02796127350120632,0.02796127350120632,2017-10-27
0.2553789919931504,0.009740371173180254,-0.009740371173180254,2017-10-30
0.567602364073991,0.018759268786222628,0.0,2017-10-31
0.9979213305712722,0.01088616413321128,0.01088616413321128,2017-11-01
0.8701549590530979,0.03758615272441238,0.03758615272441238,2017-11-02
0.012428736894647296,0.008015898234218567,-0.008015898234218567,2017-11-06
0.3924873622750221,0.02556543219638898,-0.02556543219638898,2017-11-07
0.0008860848724755455,0.026816494146753286,-0.026816494146753286,2017-11-08
0.9579953681415385,0.009458565252497048,0.009458565252497048,2017-11-09
0.7692196139031976,0.009435484644983153,0.009435484644983153,2017-11-10
0.009369302973224691,0.001429781432304364,-0.001429781432304364,2017-11-13
0.4271772315759015,0.03803501190339293,0.0,2017-11-14
0.3455936638858622,0.0025485269376136887,0.0025485269376136887,2017-11-15
0.7323601273867042,0.00382050122852242,0.00382050122852242,2017-11-16
0.41813572996623594,0.006934645027989187,0.0,2017-11-17
0.35900464091792006,0.017982107445377354,0.017982107445377354,2017-11-20
0.3159078995886917,0.00010999552050923796,-0.00010999552050923796,2017-11-21
0.09075011102604058,0.02122772449473238,-0.02122772449473238,2017-11-22
0.36971995796058,0.007309799484284193,-0.007309799484284193,2017-11-24
0.38101323332066683,0.010920716267284306,-0.010920716267284306,2017-11-27
0.4617832990851348,0.009899586426799478,0.0,2017-11-28
0.9480126839241436,0.006686426038895574,0.006686426038895574,2017-11-29
0.2045158635039075,0.020459203075874604,-0.020459203075874604,2017-11-30
0.23394793224144883,0.009260606903778945,-0.009260606903778945,2017-12-01
0.8059044156305756,0.00961394992644735,0.00961394992644735,2017-12-04
0.2646850564700045,0.004573247138585963,-0.004573247138585963,2017-12-05
0.8907012076060511,0.006016322081820876,0.006016322081820876,2017-12-06
0.5002894459640992,0.008666446378963806,0.0,2017-12-07
0.8331779156107092,0.0065875420082780025,0.0065875420082780025,2017-12-08
0.9631799529734313,0.016865297250214812,0.016865297250214812,2017-12-11
0.6202084017964529,0.04200395564441526,0.04200395564441526,2017-12-12
0.25223136425374826,0.03342767027644397,-0.03342767027644397,2017-12-13
0.45239206812647204,0.005595793021846287,0.0,2017-12-14
0.18228609222094017,0.023496416240202836,-0.023496416240202836,2017-12-15
0.009598235297822999,0.013258760776665744,-0.013258760776665744,2017-12-18
0.45227987050696594,0.039234694469054206,0.0,2017-12-19
0.1150923896924747,0.03219300564824522,-0.03219300564824522,2017-12-20
0.3988406682029496,0.015076861816437985,-0.015076861816437985,2017-12-21
0.6336353078094291,0.015038802310390962,0.015038802310390962,2017-12-22
0.9355966134593912,0.005148486916633176,0.005148486916633176,2017-12-25
0.784401565907062,0.025495686926676978,0.025495686926676978,2017-12-26
0.6381818691790061,0.010051559872387752,0.010051559872387752,2017-12-27
0.6278784465203535,0.009471137242954267,0.009471137242954267,2017-12-28
0.5065864039156597,0.007309746570258747,0.0,2017-12-29
0.9477379780595149,0.016108433852668254,0.016108433852668254,2018-01-04
0.8463636332552198,0.006464330564666748,0.006464330564666748,2018-01-05
0.026502110668834677,0.003850777197678703,-0.003850777197678703,2018-01-09
0.6746556824987548,0.021314789787382243,0.021314789787382243,2018-01-10
0.5321242459313436,0.007009293945154193,0.0,2018-01-11
0.6381555692335842,0.01405148655974157,0.01405148655974157,2018-01-12
0.525869642074737,0.020595156079626732,0.0,2018-01-15
0.6068552266034747,0.021709390368070437,0.021709390368070437,2018-01-16
0.4130990213022556,0.00985565911208955,0.0,2018-01-17
0.3321727066430159,0.03461951191203801,0.03461951191203801,2018-01-18
0.017794770866710663,0.006728058004583849,-0.006728058004583849,2018-01-19
0.6134829638319401,0.02042765903956217,0.02042765903956217,2018-01-22
0.6582111924469052,0.02533553450718203,0.02533553450718203,2018-01-23
0.7368348405607319,0.015014436848331586,-0.015014436848331586,2018-01-24
0.537760865398801,0.013485673222847189,0.0,2018-01-25
0.10807044514688569,0.023999204804102465,-0.023999204804102465,2018-01-26
0.703451980887691,0.019311328299019413,0.019311328299019413,2018-01-29
0.5620826670807647,0.028463767392023272,0.0,2018-01-30
0.7407782739907646,0.029133300033999998,-0.029133300033999998,2018-01-31
0.37284203079697475,0.006387219376139924,-0.006387219376139924,2018-02-01
0.5318790473064648,0.018174821113048786,0.0,2018-02-02
0.0063319624093914895,0.009239923224907676,-0.009239923224907676,2018-02-05
0.7443576613615238,0.007155431370924801,0.007155431370924801,2018-02-06
0.3400718518816779,0.02227548979730785,-0.02227548979730785,2018-02-07
0.5893054109583201,0.00566430677575044,0.0,2018-02-08
0.7271526827069881,0.007263376619596932,0.007263376619596932,2018-02-09
0.08196647227327503,0.01851436879677521,-0.01851436879677521,2018-02-13
0.4553184708799102,0.008474902039584734,0.0,2018-02-14
0.6811585675066156,0.002275961726347468,0.002275961726347468,2018-02-15
0.7848379274579202,0.013478939811448775,0.013478939811448775,2018-02-16
0.04128298571622846,0.030038325764797716,-0.030038325764797716,2018-02-19
0.9847165916260456,0.0011802250177259267,0.0011802250177259267,2018-02-20
0.9857632901785621,0.017658148892659327,0.017658148892659327,2018-02-21
0.5212889977127866,0.005410719025947373,0.0,2018-02-22
0.7886515722811793,0.009732291165538701,-0.009732291165538701,2018-02-23
0.11380572459920846,0.007478066251643137,-0.007478066251643137,2018-02-26
0.4970566410576479,0.007508430814744465,0.0,2018-02-27
0.41467163112578953,0.013982356131922563,0.0,2018-02-28
0.7234457149179774,0.031564230429602935,-0.031564230429602935,2018-03-01
0.7216561795799481,0.009821053796136315,0.009821053796136315,2018-03-02
0.9207176935105023,0.0006932159531460907,0.0006932159531460907,2018-03-05
0.5821642417390519,0.011401698555032012,0.0,2018-03-06
0.3786556126787438,0.014183693274336738,-0.014183693274336738,2018-03-07
0.45531620281488105,0.03539124815662428,0.0,2018-03-08
0.7153490664920299,0.01278136503798678,0.01278136503798678,2018-03-09
0.5531635839999554,0.02338730349675707,0.0,2018-03-12
0.6996097599167079,0.01753501836359006,0.01753501836359006,2018-03-13
0.049521004730686324,0.01577710488193368,-0.01577710488193368,2018-03-14
0.7748982841834179,0.00968538920646672,0.00968538920646672,2018-03-15
0.39791441098607405,0.014378884278677534,-0.014378884278677534,2018-03-16
0.9521620983491331,0.0253359089197814,0.0253359089197814,2018-03-19
0.2530495885009614,0.03160052770290751,0.03160052770290751,2018-03-20
0.3044149184641256,0.011786678723960631,-0.011786678723960631,2018-03-22
0.5094728379867147,0.014790754171726745,0.0,2018-03-23
0.9657842666800426,0.009673820327778675,0.009673820327778675,2018-03-26
0.8114028422060845,0.013186749225839232,0.013186749225839232,2018-03-27
0.9036124198756313,0.018382047893186662,0.018382047893186662,2018-03-28
0.9670884171620628,0.0006652816416060407,0.0006652816416060407,2018-03-29
0.6783110786658246,0.0015782268568778968,-0.0015782268568778968,2018-03-30
0.3324655875530671,0.005125514763057644,-0.005125514763057644,2018-04-02
0.05190226876476933,0.014572160690392083,-0.014572160690392083,2018-04-03
0.18258956663892134,0.02828044938824457,-0.02828044938824457,2018-04-04
0.8740855181162349,0.021562430173668025,0.021562430173668025,2018-04-05
0.225903052941269,0.012012095331493732,-0.012012095331493732,2018-04-06
0.20442467338305192,0.007291823088343955,-0.007291823088343955,2018-04-09
0.8440635696501125,0.0016604516220634024,0.0016604516220634024,2018-04-10
0.4904645134974791,0.01910615108131513,0.0,2018-04-11
0.8487932822830222,0.017708568878907722,0.017708568878907722,2018-04-12
0.3896705046838166,0.0030579065506455678,-0.0030579065506455678,2018-04-13
0.4508549164368114,0.007612570378724809,0.0,2018-04-16
0.48334945724733247,0.031863643434277465,0.0,2018-04-17
0.2715179037399946,0.0019046143523829807,-0.0019046143523829807,2018-04-18
0.1561872750537011,0.014513527174287322,-0.014513527174287322,2018-04-19
0.016971464474477505,0.005659463195881025,-0.005659463195881025,2018-04-20
0.4704853188310585,0.02182138304874412,0.0,2018-04-23
0.43451722136601956,0.00818083179716395,0.0,2018-04-24
0.39484274056303226,0.026882356389172364,-0.026882356389172364,2018-04-25
0.9120884909020927,0.008332373640393782,0.008332373640393782,2018-04-26
0.3794272860032575,0.012997829560014398,-0.012997829560014398,2018-04-27
0.5451685928989867,0.014505105926653975,0.0,2018-05-01
0.3714405514865253,0.014517142146031906,-0.014517142146031906,2018-05-02
0.36846750684248875,0.006367898219068594,-0.006367898219068594,2018-05-07
0.6644996336364076,0.01778668129130175,0.01778668129130175,2018-05-08
0.9474305746103042,0.006894105677679741,0.006894105677679741,2018-05-09
0.7988974378960761,0.016970425720612182,0.016970425720612182,2018-05-10
0.1518301121501684,0.039375938869829916,-0.039375938869829916,2018-05-11
0.7266063445086258,0.021780984257383264,-0.021780984257383264,2018-05-14
0.5441966886416577,0.012676061579013331,0.0,2018-05-15
0.8689383995258614,0.005663323997962432,0.005663323997962432,2018-05-16
0.1940676669525122,0.012168731750364318,-0.012168731750364318,2018-05-17
0.3196308653705172,0.011135038761667498,-0.011135038761667498,2018-05-18
0.7739777304929193,5.323502225449736e-05,-5.323502225449736e-05,2018-05-21
0.35091188216948754,0.004485965195511629,-0.004485965195511629,2018-05-22
0.45742121626603005,0.006330690223311841,0.0,2018-05-23
0.37683128479356176,0.02369073902398427,-0.02369073902398427,2018-05-24
0.172707265821618,0.0018316228843823536,-0.0018316228843823536,2018-05-25
0.8412205047969556,0.010273064848086915,0.010273064848086915,2018-05-28
0.5881333521078832,0.022773756431576312,0.0,2018-05-29
0.8764805521071296,0.0003375308277219509,0.0003375308277219509,2018-05-30
0.5132897827303358,0.01731231085907713,0.0,2018-05-31
0.07394031939538137,0.018578288564082484,-0.018578288564082484,2018-06-01
0.8430752543945342,0.007892416547231542,0.007892416547231542,2018-06-04
0.7729811397153632,0.005283554841661382,-0.005283554841661382,2018-06-05
0.81125776660952,0.024340369121781717,0.024340369121781717,2018-06-06
0.44084414301947583,0.00042311566031463614,0.0,2018-06-07
0.8711861880851383,0.002665395500204895,0.002665395500204895,2018-06-08
0.4388990755028831,0.014300078673974757,0.0,2018-06-11
0.356807937395777,0.032546371908552515,0.032546371908552515,2018-06-12
0.5904503945540357,0.004601142239604788,0.0,2018-06-13
0.20971576467666964,0.035187351098827035,-0.035187351098827035,2018-06-14
0.7075543666085155,0.00018931004189428518,-0.00018931004189428518,2018-06-15
0.4642402205882721,0.02372740383081728,0.0,2018-06-18
0.051779128253258255,0.011844163838673144,-0.011844163838673144,2018-06-19
0.3744423834197067,0.015595490988774963,-0.015595490988774963,2018-06-20
0.16132250213924637,0.02459853187655878,-0.02459853187655878,2018-06-21
0.5289078754200771,0.03741995016973899,0.0,2018-06-22
0.9752897515989817,0.02691444723851666,0.02691444723851666,2018-06-25
0.28733013815165,0.020651422874521434,-0.020651422874521434,2018-06-26
0.5688630593230214,0.00920237730286948,0.0,2018-06-27
0.7047176977144186,0.022002512539146757,0.022002512539146757,2018-06-28
0.01942727104038955,0.007316841431450741,-0.007316841431450741,2018-06-29
0.39376838140563075,0.011642753611616112,-0.011642753611616112,2018-07-02
0.6002651053011844,0.0030248248519219472,0.0030248248519219472,2018-07-03
0.12367818398589925,0.001640396400273383,-0.001640396400273383,2018-07-04
0.3383940975848274,0.006881412670882902,0.006881412670882902,2018-07-05
0.1858270425188877,0.012514535217225554,-0.012514535217225554,2018-07-06
0.9481613114363524,0.0016783759041357558,0.0016783759041357558,2018-07-09
0.39236049175973264,0.02662251246482653,-0.02662251246482653,2018-07-10
0.22712083053679466,0.009181724165477216,-0.009181724165477216,2018-07-11
0.6358326737532078,0.017565983856415134,0.017565983856415134,2018-07-12
0.6639128059933609,0.013036362711872763,-0.013036362711872763,2018-07-13
0.08675698477618643,0.005792526995982159,-0.005792526995982159,2018-07-17
0.7726366034554535,0.04582765657136237,0.04582765657136237,2018-07-18
0.1080755903574333,0.008424649375254261,-0.008424649375254261,2018-07-19
0.644843177976848,0.0012783146061454888,-0.0012783146061454888,2018-07-20
0.6344995987067887,0.010790726893345086,-0.010790726893345086,2018-07-23
0.5973714046285528,0.0023448510323926188,0.0,2018-07-24
0.5467907079266562,0.03572161645940772,0.0,2018-07-25
0.001984333835802987,0.009683668411358126,-0.009683668411358126,2018-07-26
0.20018626245460625,0.02477014136879152,-0.02477014136879152,2018-07-27
0.28101911718850936,0.0007629571851860005,-0.0007629571851860005,2018-07-30
0.6173314501185352,0.006200669391356012,-0.006200669391356012,2018-07-31
0.37497626992081046,0.004024420697903736,-0.004024420697903736,2018-08-01
0.37459083159717854,0.028353570204381433,-0.028353570204381433,2018-08-02
0.7318476800889065,0.010832397805437773,0.010832397805437773,2018-08-03
0.05981866318199858,0.015439572527556707,-0.015439572527556707,2018-08-06
0.16709004291902707,0.013940555123656646,-0.013940555123656646,2018-08-07
0.2183231750776642,0.0171866319870248,-0.0171866319870248,2018-08-08
0.25800161245418396,0.026309910442674223,-0.026309910442674223,2018-08-09
0.42940714519732226,0.03314745989401195,0.0,2018-08-10
0.33108091216152624,0.007756652826726595,-0.007756652826726595,2018-08-13
0.8184432747780831,0.014606721426710687,0.014606721426710687,2018-08-14
0.586833416853998,0.0056742279212419425,0.0,2018-08-15
0.2444691013852196,0.0002869314714536362,0.0002869314714536362,2018-08-16
0.10132838624100715,0.009420280045691024,-0.009420280045691024,2018-08-17
0.8503570326640245,0.02554961288665019,0.02554961288665019,2018-08-20
0.6084708948456747,0.006704037488388016,-0.006704037488388016,2018-08-21
0.25453792828906907,0.0042484578366227595,0.0042484578366227595,2018-08-22
0.24082098270617092,0.03502784077829897,0.03502784077829897,2018-08-23
0.7615819946725713,0.03498063155046671,0.03498063155046671,2018-08-24
0.1300544905438239,0.020185888879620726,-0.020185888879620726,2018-08-27
0.9961512659028338,0.007903411354023275,0.007903411354023275,2018-08-28
0.21555516409120024,0.019793327579930683,0.019793327579930683,2018-08-29
0.7170800005112107,0.01857896999813088,0.01857896999813088,2018-08-30
0.7618692092673622,0.012014995536682964,0.012014995536682964,2018-08-31
0.8534510518177096,0.011423097095756122,0.011423097095756122,2018-09-03
0.10781116288161796,0.02589745886534094,-0.02589745886534094,2018-09-04
0.8816456757442664,0.014418439805611152,0.014418439805611152,2018-09-05
0.9484366725404526,0.005488042143886539,0.005488042143886539,2018-09-06
0.3193947698510109,0.007632204167090483,-0.007632204167090483,2018-09-07
0.507019529601482,0.01148060751307225,0.0,2018-09-10
0.508520251178112,0.021525114462935258,0.0,2018-09-11
0.5844153987507881,0.05667785399466081,0.0,2018-09-12
0.9811480195103666,0.03395834345168235,0.03395834345168235,2018-09-13
0.5560711878872219,0.014576517616567444,0.0,2018-09-14
0.44880731563558585,0.05054123455486077,0.0,2018-09-18
0.14867059535112626,0.04360272906172711,-0.04360272906172711,2018-09-19
0.19436353417908703,0.024068563871478186,-0.024068563871478186,2018-09-20
0.902319475286097,0.03731670857573052,0.03731670857573052,2018-09-21
0.9261098774277621,0.02727650460182403,0.02727650460182403,2018-09-25
0.2912708591465498,0.008019460653619644,-0.008019460653619644,2018-09-26
0.10338472596849957,0.006120273194113155,-0.006120273194113155,2018-09-27
0.693164558055417,0.0016560382823221497,0.0016560382823221497,2018-09-28
0.39489919256019956,0.0063956189169937965,-0.0063956189169937965,2018-10-01
0.6745031812888213,0.024415945729814228,0.024415945729814228,2018-10-02
0.6948644714770215,0.00998661689530069,0.00998661689530069,2018-10-03
0.4983196907732266,0.005898235403179974,0.0,2018-10-04
0.763492723339735,0.011416038232764398,0.011416038232764398,2018-10-05
0.8168106262346448,0.011200076468185114,0.011200076468185114,2018-10-09
0.20024633373686007,0.01490541194794852,-0.01490541194794852,2018-10-10
0.05657822731666484,0.003310690179729219,-0.003310690179729219,2018-10-11
0.33045244677755947,0.02990698433549958,0.02990698433549958,2018-10-12
0.4894445134601356,0.012751714987250895,0.0,2018-10-15
0.5792791450385779,0.00942779439277902,0.0,2018-10-16
0.0672013121194951,0.013405182936162033,-0.013405182936162033,2018-10-17
0.4525398405278419,0.024566135488496118,0.0,2018-10-18
0.5950358111905041,0.03813652903431632,0.0,2018-10-19
0.3999984215952672,5.508516042425912e-05,-5.508516042425912e-05,2018-10-22
0.05782605491007364,0.033751150707388586,-0.033751150707388586,2018-10-23
0.2823003432547866,0.02061821433711831,-0.02061821433711831,2018-10-24
0.9882130138925115,0.0036350625342730213,0.0036350625342730213,2018-10-25
0.6719967421948801,0.006690147256735814,0.006690147256735814,2018-10-26
0.12228314514175354,0.015069108141335703,-0.015069108141335703,2018-10-29
0.9510770373926383,0.0034939074482594956,0.0034939074482594956,2018-10-30
0.7503035571774855,0.039446610537411955,0.039446610537411955,2018-10-31
0.4620322565503395,0.01161292933807843,0.0,2018-11-01
0.48525009387472373,0.006280024193017291,0.0,2018-11-02
0.8100984097965415,0.026377116505442975,0.026377116505442975,2018-11-05
0.44123502720626073,0.014560977538115638,0.0,2018-11-06
0.4291850438522682,0.027598295939681175,0.0,2018-11-07
0.9878529645230855,0.047774066500372386,0.047774066500372386,2018-11-08
0.6713950579706818,0.017286926615322887,0.017286926615322887,2018-11-09
0.7588115395615302,0.011975335315483055,0.011975335315483055,2018-11-12
0.22455169131263275,0.01247908929643705,-0.01247908929643705,2018-11-13
0.24144798122167366,0.0277512718995165,-0.0277512718995165,2018-11-14
0.8081020305077776,0.00184377330380347,0.00184377330380347,2018-11-15
0.477616330139793,0.03349735420864423,0.0,2018-11-16
0.9676844134014462,0.016950455536601565,0.016950455536601565,2018-11-19
0.7821576162560604,0.028717553136967496,0.028717553136967496,2018-11-20
0.9296870740618274,0.018846207575225794,0.018846207575225794,2018-11-21
0.5963167279545114,0.0038847261783279633,0.0,2018-11-22
0.8838172268384066,0.007143849886655668,0.007143849886655668,2018-11-26
0.3697907044334605,0.014292065806856852,-0.014292065806856852,2018-11-27
0.39689477434382003,0.027822911878496677,-0.027822911878496677,2018-11-28
0.03170995139686694,0.03983447374866888,-0.03983447374866888,2018-11-29
0.12994524420156495,0.0006957397276371957,-0.0006957397276371957,2018-11-30
0.4775392263372332,0.007514464824675312,0.0,2018-12-03
0.6258259980885049,0.02073733142647977,0.02073733142647977,2018-12-04
0.6006379128773606,0.01292336428121893,0.01292336428121893,2018-12-05
0.3265322529389697,0.005816069666577398,-0.005816069666577398,2018-12-06
0.42509037590336873,0.0081855567696811,0.0,2018-12-07
0.9894434923624983,0.012358920581710248,0.012358920581710248,2018-12-10
0.9505498439065625,0.011161243309817303,0.011161243309817303,2018-12-11
0.42367557521977683,0.007174814764197551,0.0,2018-12-12
0.8875898448105898,0.006365596895075138,0.006365596895075138,2018-12-13
0.7620342622203352,0.01552242698488902,-0.01552242698488902,2018-12-14
0.8218955760093932,0.016797523858089587,0.016797523858089587,2018-12-17
0.5827844944796592,0.011266070975023244,0.0,2018-12-18
0.8234366733105362,0.01761378626597749,0.01761378626597749,2018-12-19
0.22011281002730476,0.039611717937787054,-0.039611717937787054,2018-12-20
0.5155133247823341,0.006842889232758718,0.0,2018-12-21
0.7739511411844132,0.008765529243268864,0.008765529243268864,2018-12-25
0.717684865049545,0.006152676535707224,0.006152676535707224,2018-12-26
0.7207251974810764,0.014354314941065724,0.014354314941065724,2018-12-27
0.5240215535779671,0.018943031009984523,0.0,2018-12-28
0.48167469517478434,0.021453540234332703,0.0,2019-01-04
0.38045375211264154,0.036900239312558474,0.036900239312558474,2019-01-07
0.6460275042836623,0.01327294963186215,0.01327294963186215,2019-01-08
0.5676651206747463,0.02342798819759515,0.0,2019-01-09
0.3148515110144031,0.010903063087443519,-0.010903063087443519,2019-01-10
0.6087163346802443,0.014503814581452541,0.014503814581452541,2019-01-11
0.3229204643782767,0.01586519799491467,-0.01586519799491467,2019-01-15
0.6364516613108959,0.013178574069877266,-0.013178574069877266,2019-01-16
0.5165821851222268,0.004645698354687266,0.0,2019-01-17
0.9686206697191704,0.016665839650331377,0.016665839650331377,2019-01-18
0.582680253972762,0.0011664623079998182,0.0,2019-01-21
0.3080832475580779,0.010112348697395116,-0.010112348697395116,2019-01-22
0.1917305193780775,0.005072429002877072,-0.005072429002877072,2019-01-23
0.7507635301796941,0.0022712500717402616,0.0022712500717402616,2019-01-24
0.562999356093066,0.0014772080584743708,0.0,2019-01-25
0.9245568069683585,0.032964246664293276,0.032964246664293276,2019-01-28
0.9161789337578649,0.0015774921663784544,0.0015774921663784544,2019-01-29
0.7056176332063065,0.0008238983194094533,0.0008238983194094533,2019-01-30
0.7319646550985818,0.004223326995413258,0.004223326995413258,2019-01-31
0.23149469388621646,0.004756143846194466,0.004756143846194466,2019-02-01
0.44750684178989364,0.01985446594069422,0.0,2019-02-04
0.9930073072512525,0.010440152256940777,0.010440152256940777,2019-02-05
0.42722366900819997,0.0076875747160383544,0.0,2019-02-06
0.8999442826413474,0.009019192198047104,0.009019192198047104,2019-02-07
0.47959510941108385,0.016412610628201367,0.0,2019-02-08
0.653177065822926,0.0029122361634233577,0.0029122361634233577,2019-02-12
0.7962357296525496,0.017474403457123984,0.017474403457123984,2019-02-13
0.3459635531765879,0.008001872177858282,-0.008001872177858282,2019-02-14
0.27137827827138306,0.023253745728278766,0.023253745728278766,2019-02-15
0.34735197555207675,1.8900389170992363e-05,1.8900389170992363e-05,2019-02-18
0.11702427436818774,0.00862894691295624,-0.00862894691295624,2019-02-19
0.5007618302758641,0.0028571617031467886,0.0,2019-02-20
0.2257685315538296,0.01263092654330023,-0.01263092654330023,2019-02-21
0.8229158083833871,0.0009349965449833401,0.0009349965449833401,2019-02-22
0.16886838530405435,0.02147905592028968,-0.02147905592028968,2019-02-25
0.39342882371767207,0.0383474887615029,-0.0383474887615029,2019-02-26
0.6665840496575253,0.0052259326743745995,0.0052259326743745995,2019-02-27
0.5142426289733044,0.002215199190331655,0.0,2019-02-28
0.97373653993144,0.025018922802585896,0.025018922802585896,2019-03-01
0.5147220541848039,0.004477210428420106,0.0,2019-03-04
0.7439566265373876,0.012631601861025845,0.012631601861025845,2019-03-05
0.23637667739797097,0.009341556436059332,0.009341556436059332,2019-03-06
0.05770171526688661,0.02945426338000763,-0.02945426338000763,2019-03-07
0.7533666508918567,0.02073088774208224,0.02073088774208224,2019-03-08
0.6861942382618436,0.008916941514504789,0.008916941514504789,2019-03-11
0.80624838370467,0.018926126738742697,0.018926126738742697,2019-03-12
0.12734822040818872,0.02260697669299539,-0.02260697669299539,2019-03-13
0.8763964926866528,0.008705631755983864,0.008705631755983864,2019-03-14
0.027450042843770284,0.024273011286202552,-0.024273011286202552,2019-03-15
0.6533174212116737,0.001389618807741248,0.001389618807741248,2019-03-18
0.4710452214317612,0.011703089208327468,0.0,2019-03-19
0.22600901148211794,0.027669384989672034,-0.027669384989672034,2019-03-20
0.15279397073988155,0.002825544489581482,-0.002825544489581482,2019-03-22
0.04632308590915202,0.018873927320647587,-0.018873927320647587,2019-03-25
0.6383577471392906,0.005069538992655873,-0.005069538992655873,2019-03-26
0.09811599993741515,0.026692729120946664,-0.026692729120946664,2019-03-27
0.12365458611595137,0.008474521206459053,-0.008474521206459053,2019-03-28
0.11881624629987886,0.007782775513247196,-0.007782775513247196,2019-03-29
0.9186264422482204,0.014820649990777996,0.014820649990777996,2019-04-01
0.22259177297802268,0.011925412306245135,-0.011925412306245135,2019-04-02
0.6207539409089169,0.0007873029193369057,0.0007873029193369057,2019-04-03
0.5654140166491887,0.01659589250875816,0.0,2019-04-04
0.4915512427057188,0.004932056644894195,0.0,2019-04-05
0.3805476194148969,0.011176075026034356,-0.011176075026034356,2019-04-08
0.8747067844810813,0.0003521693691206831,0.0003521693691206831,2019-04-09
0.5942449409977821,0.01219782039136927,0.0,2019-04-10
0.8272802469474408,0.004705986256775866,0.004705986256775866,2019-04-11
0.3606700829294638,0.023522240457705245,-0.023522240457705245,2019-04-12
0.7173660863254653,0.01612489368661551,-0.01612489368661551,2019-04-15
0.876037933793846,0.022824889267956595,0.022824889267956595,2019-04-16
0.7218025220455413,0.0001916278808400292,0.0001916278808400292,2019-04-17
0.014534537244649925,0.012141220572583091,-0.012141220572583091,2019-04-18
0.08040516481013682,0.030274565261546916,-0.030274565261546916,2019-04-19
0.12822876459431798,0.005204771305646103,-0.005204771305646103,2019-04-22
0.3312994822366151,0.009244196109699282,0.009244196109699282,2019-04-23
0.46603590644244886,0.02916892989932395,0.0,2019-04-24
0.8817351667784924,0.0019423999078638512,0.0019423999078638512,2019-04-25
0.10809442072966802,0.01492141739630495,-0.01492141739630495,2019-04-26
0.31908938142769183,0.011314165051717494,-0.011314165051717494,2019-04-30
0.010747088160409257,0.007237658378229969,-0.007237658378229969,2019-05-01
0.0021239076218160235,0.01669585905305323,-0.01669585905305323,2019-05-02
0.9884442870573805,0.02687929595607017,0.02687929595607017,2019-05-07
